k,Name,Date,To Team,From Team,Age,WAR3,Yrs,G,AB,R,H,HR,RBI,SB,BB,BA,OBP,SLG,OPS,W,L,ERA,WHIP,G,GS,SV,IP,H,HR,BB,SO
1,Jeff Bennett\benneje01,2010-05-25,Milwaukee Brewers,TBR,30,1.5,4,159,17,0,2,0,1,0,2,.118,.211,.176,.387,8,17,4.30,1.542,179,6,3,228.1,244,24,108,154
2,Saul Rivera\riversa01,2010-05-17,Arizona Diamondbacks,WSN,32,1.8,4,231,9,2,1,0,0,0,2,.111,.273,.111,.384,13,15,4.05,1.480,245,0,4,275.2,285,15,123,191
3,Tim Redding\redditi01,2010-05-13,New York Yankees,NYM,32,2.2,8,173,225,8,31,0,10,0,7,.138,.164,.160,.324,37,57,4.95,1.491,179,144,0,822.1,889,114,337,552
4,Josh Anderson\anderjo03,2010-05-12,Milwaukee Brewers,KCR,27,0.4,3,179,486,73,132,4,47,36,26,.272,.313,.352,.665,,,,,,,,,,,,
5,Justin Christian\chrisju01,2010-05-08,New York Yankees,BAL,30,-0.2,1,24,40,6,10,0,6,7,3,.250,.302,.325,.627,,,,,,,,,,,,
6,Buck Coats\coatsbu01,2010-05-04,Chicago White Sox,TOR,28,-0.1,3,,,,,,,,,,,,,,,,,,,,,,,,
7,Travis Denker\denketr01,2010-05-04,Los Angeles Dodgers,BOS,24,0.1,1,,,,,,,,,,,,,,,,,,,,,,,,
8,Drew Anderson\anderdr01,2010-05-03,Milwaukee Brewers,MIL,29,,3,,,,,,,,,,,,,,,,,,,,,,,,
9,Charlie Zink\zinkch01,2010-04-26,Minnesota Twins,BOS,30,-0.3,1,,,,,,,,,,,,,,,,,,,,,,,,
10,Corey Patterson\patteco01,2010-04-21,Baltimore Orioles,MIL,30,1.3,10,1007,3495,479,879,104,363,184,169,.252,.290,.404,.694,,,,,,,,,,,,
11,Ron Villone\villoro01,2010-04-20,Washington Nationals,WSN,40,0.8,15,392,170,7,22,1,7,0,1,.129,.140,.176,.316,61,65,4.73,1.500,717,93,8,1168.0,1115,136,637,925
12,Mike Rivera\rivermi02,2010-04-16,Los Angeles Dodgers,MIL,33,0.8,7,181,528,51,129,13,69,3,41,.244,.305,.383,.688,,,,,,,,,,,,
13,Logan Kensing\kensilo01,2010-04-09,Tampa Bay Rays,WSN,27,-0.2,6,129,8,0,0,0,0,0,0,.000,.000,.000,.000,8,9,5.81,1.634,134,3,2,161.0,175,28,88,143
14,Alex Romero\romeral01,2010-04-07,Atlanta Braves,ARI,26,-0.6,2,144,280,27,67,2,30,6,14,.239,.279,.339,.619,,,,,,,,,,,,
15,Alejandro Machado\machaal01,2010-04-06,Florida Marlins,MIN,28,,4,,,,,,,,,,,,,,,,,,,,,,,,
16,Robby Hammock\hammoro01,2010-04-03,New York Yankees,BAL,33,-0.1,5,180,479,62,122,12,48,6,38,.255,.313,.409,.722,,,,,,,,,,,,
17,Chad Moeller\moellch01,2010-04-03,New York Yankees,BAL,35,-0.5,10,492,1378,144,312,29,132,2,107,.226,.288,.351,.639,,,,,,,,,,,,
18,John Van Benschoten\vanbejo01,2010-04-03,New York Yankees,CHW,30,-2.9,5,,,,,,,,,,,,,,,,,,,,,,,,
19,Virgil Vasquez\vasquvi01,2010-04-02,Tampa Bay Rays,PIT,28,-1.1,2,14,10,0,0,0,0,0,0,.000,.000,.000,.000,2,6,6.60,1.761,19,10,0,61.1,85,13,23,36
20,Ryan Garko\garkory01,2010-04-01,Texas Rangers,SFG,29,3.7,5,448,1519,190,424,55,247,0,122,.279,.351,.441,.792,,,,,,,,,,,,
21,Josh Fogg\foggjo01,2010-03-31,Philadelphia Phillies,COL,33,-0.3,9,227,335,21,40,0,11,1,13,.119,.155,.131,.286,62,69,5.03,1.458,243,194,0,1159.0,1293,165,397,627
22,Ty Taubenheim\taubety01,2010-03-31,Philadelphia Phillies,PIT,27,0.2,3,,,,,,,,,,,,,,,,,,,,,,,,
23,Joey Gathright\gathrjo01,2010-03-30,Baltimore Orioles,BOS,29,-0.1,6,445,1175,177,309,1,96,80,96,.263,.327,.303,.630,,,,,,,,,,,,
24,Chris Coste\costech01,2010-03-29,Washington Nationals,HOU,37,0.3,4,299,806,83,219,23,108,0,52,.272,.329,.416,.744,,,,,,,,,,,,
25,Luis Figueroa\figuelu01,2010-03-29,Toronto Blue Jays,LAA,36,0.1,8,,,,,,,,,,,,,,,,,,,,,,,,
26,Vladimir Nunez\nunezvl01,2010-03-29,Atlanta Braves,ATL,35,0.1,9,244,60,3,8,1,5,0,1,.133,.148,.183,.331,21,34,4.83,1.423,254,27,21,442.0,430,55,199,327
27,Scott Schoeneweis\schoesc01,2010-03-26,Boston Red Sox,ARI,36,-0.3,11,215,8,0,2,0,1,0,2,.250,.400,.375,.775,46,57,4.97,1.465,562,93,9,958.1,1016,110,388,555
28,Jeremy Hill\hillje02,2010-03-24,Los Angeles Angels of Anaheim,LAA,32,,7,,,,,,,,,,,,,,,,,,,,,,,,
29,Mike MacDougal\macdomi01,2010-03-24,Washington Nationals,WSN,33,-0.7,9,58,0,0,0,0,0,0,0,,,,,14,21,4.09,1.522,314,3,70,312.2,311,21,165,266
30,Ron Mahay\mahayro01,2010-03-24,Minnesota Twins,MIN,39,3.6,14,102,28,3,6,1,3,0,1,.214,.267,.429,.695,26,11,3.86,1.431,473,3,4,534.0,506,70,258,445
31,Joe Beimel\beimejo01,2010-03-23,Colorado Rockies,COL,33,3.6,9,432,43,3,10,0,1,0,2,.233,.267,.256,.522,22,29,4.23,1.486,461,23,4,517.1,551,43,218,294
32,Ray Olmedo\olmedra01,2010-03-22,Milwaukee Brewers,TBR,29,0.3,5,198,403,45,92,2,26,6,26,.228,.276,.293,.569,,,,,,,,,,,,
33,Matt Treanor\treanma01,2010-03-22,Texas Rangers,DET,34,0.7,6,278,736,63,171,8,70,1,77,.232,.318,.311,.629,,,,,,,,,,,,
34,Alan Embree\embreal01,2010-03-20,Boston Red Sox,COL,40,-0.3,16,427,3,0,0,0,0,0,1,.000,.250,.000,.250,39,45,4.59,1.340,882,4,25,774.0,744,95,293,691
35,Miguel Perez\perezmi02,2010-03-19,Cleveland Indians,PIT,26,,4,,,,,,,,,,,,,,,,,,,,,,,,
36,Kris Benson\bensokr01,2010-03-17,Arizona Diamondbacks,TEX,35,-0.5,8,162,316,23,41,1,22,0,15,.130,.174,.161,.336,69,74,4.41,1.390,203,197,0,1229.2,1274,150,435,798
37,Matt Kata\katama01,2010-03-13,Houston Astros,HOU,32,-1.5,5,278,695,89,166,12,63,9,48,.239,.290,.370,.660,,,,,,,,,,,,
38,Hank Blalock\blaloha01,2010-03-12,Tampa Bay Rays,TEX,29,2.3,8,910,3504,499,943,152,535,13,307,.269,.329,.465,.794,,,,,,,,,,,,
39,Mike O'Connor\oconnmi01,2010-03-08,New York Mets,KCR,29,-1.0,2,25,33,2,2,0,1,0,1,.061,.088,.061,.149,4,9,5.45,1.430,26,21,0,114.0,107,18,56,63
40,Brad Eldred\eldrebr01,2010-03-07,Colorado Rockies,WSN,29,-0.7,2,74,236,26,47,14,30,1,14,.199,.251,.419,.670,,,,,,,,,,,,
41,Travis Metcalf\metcatr01,2010-03-05,Colorado Rockies,TEX,27,0.4,2,,,,,,,,,,,,,,,,,,,,,,,,
42,Kiko Calero\calerki01,2010-03-04,New York Mets,FLA,35,1.9,7,136,6,1,1,0,1,0,0,.167,.167,.167,.333,14,12,3.24,1.196,313,1,7,302.2,236,24,126,324
43,Garret Anderson\anderga01,2010-03-03,Los Angeles Dodgers,ATL,38,1.3,16,2148,8485,1076,2501,285,1353,79,424,.295,.326,.465,.790,,,,,,,,,,,,
44,Yoslan Herrera\herreyo01,2010-03-02,Minnesota Twins,PIT,29,-0.7,1,5,7,1,1,0,0,0,0,.143,.143,.143,.286,1,1,9.82,2.564,5,5,0,18.1,35,1,12,10
45,Matt Kinney\kinnema01,2010-03-01,San Francisco Giants,SFG,33,,9,,,,,,,,,,,,,,,,,,,,,,,,
46,Wes Littleton\littlwe01,2010-03-01,Seattle Mariners,MIL,27,0.4,3,,,,,,,,,,,,,,,,,,,,,,,,
47,Chan Ho Park\parkch01,2010-02-28,New York Yankees,PHI,37,1.3,16,349,429,27,77,3,31,0,20,.179,.215,.240,.455,120,95,4.35,1.398,423,287,2,1929.1,1807,221,891,1663
48,Brett Tomko\tomkobr01,2010-02-28,Oakland Athletics,OAK,37,0.0,13,307,456,23,71,0,29,0,19,.156,.189,.175,.365,100,102,4.65,1.365,389,266,2,1798.1,1883,251,572,1195
49,Felipe Lopez\lopezfe01,2010-02-27,St. Louis Cardinals,MIL,30,2.5,9,1024,3805,536,1025,80,391,115,393,.269,.338,.400,.738,,,,,,,,,,,,
50,Eric Munson\munsoer01,2010-02-25,San Diego Padres,OAK,32,-0.7,9,361,1056,97,226,49,147,4,104,.214,.289,.394,.683,,,,,,,,,,,,
51,Wes Bankston\bankswe01,2010-02-24,Texas Rangers,CIN,26,-0.5,1,,,,,,,,,,,,,,,,,,,,,,,,
52,Rod Barajas\barajro01,2010-02-24,New York Mets,TOR,34,2.5,11,813,2521,299,601,92,355,2,143,.238,.284,.408,.691,,,,,,,,,,,,
53,Russell Branyan\branyru01,2010-02-24,Cleveland Indians,SEA,34,4.2,12,882,2431,347,568,164,396,13,339,.234,.331,.491,.822,,,,,,,,,,,,
54,Livan Hernandez\hernali01,2010-02-24,Washington Nationals,WSN,35,0.5,14,384,862,59,196,9,75,0,8,.227,.237,.305,.542,156,151,4.45,1.450,413,412,0,2734.2,3026,315,940,1715
55,Matt Stairs\stairma01,2010-02-23,San Diego Padres,PHI,42,2.6,17,1761,5040,752,1333,259,881,28,697,.264,.358,.481,.839,,,,,,,,,,,,
56,Johnny Damon\damonjo01,2010-02-22,Detroit Tigers,NYY,36,11.1,15,2131,8408,1483,2425,207,996,374,866,.288,.355,.439,.794,,,,,,,,,,,,
57,Jonny Gomes\gomesjo01,2010-02-22,Cincinnati Reds,CIN,29,0.4,7,513,1545,225,372,86,235,33,177,.241,.330,.471,.801,,,,,,,,,,,,
58,Josh Barfield\barfijo02,2010-02-20,San Diego Padres,CLE,27,-0.5,4,309,1012,133,267,16,112,35,44,.264,.295,.375,.671,,,,,,,,,,,,
59,Jose Molina\molinjo01,2010-02-19,Toronto Blue Jays,NYY,35,0.6,10,554,1449,151,341,20,136,9,74,.235,.277,.332,.609,,,,,,,,,,,,
60,Dustin Moseley\moseldu01,2010-02-16,New York Yankees,LAA,28,0.8,4,5,0,0,0,0,0,0,0,,,,,8,7,5.41,1.554,64,23,0,168.0,209,19,52,98
61,Chien-Ming Wang\wangch01,2010-02-16,Washington Nationals,NYY,30,5.5,5,6,14,1,0,0,0,0,0,.000,.000,.000,.000,55,26,4.16,1.339,109,104,1,670.2,701,41,197,310
62,Joaquin Benoit\benoijo01,2010-02-15,Tampa Bay Rays,TEX,32,2.1,8,13,9,1,0,0,0,0,0,.000,.000,.000,.000,30,26,4.79,1.417,273,55,8,591.1,556,77,282,538
63,Endy Chavez\chaveen01,2010-02-15,Texas Rangers,SEA,32,1.5,9,827,2237,289,605,19,190,87,140,.270,.312,.367,.679,,,,,,,,,,,,
64,Daniel Davidson\davidda02,2010-02-15,Los Angeles Angels of Anaheim,LAA,29,0.0,1,0,0,0,0,0,0,0,0,,,,,0,0,5.40,3.600,4,0,0,1.2,3,0,3,0
65,Adam Kennedy\kennead01,2010-02-12,Washington Nationals,OAK,34,2.2,11,1356,4583,581,1270,68,486,156,319,.277,.330,.391,.721,,,,,,,,,,,,
66,Paul McAnulty\mcanupa01,2010-02-12,Los Angeles Angels of Anaheim,COL,29,-0.2,4,124,212,21,44,5,21,1,34,.208,.324,.330,.654,,,,,,,,,,,,
67,Mike Sweeney\sweenmi01,2010-02-12,Seattle Mariners,SEA,36,0.8,15,1398,5037,738,1502,207,883,50,508,.298,.367,.487,.854,,,,,,,,,,,,
68,Alex Cintron\cintral01,2010-02-11,New York Mets,SEA,31,-3.3,9,680,2056,244,565,33,222,18,112,.275,.313,.394,.707,,,,,,,,,,,,
69,Mike Jacobs\jacobmi02,2010-02-11,New York Mets,KCR,29,-3.1,5,549,1906,243,484,99,308,5,163,.254,.313,.476,.789,,,,,,,,,,,,
70,Mike Lamb\lambmi01,2010-02-11,Florida Marlins,NYM,34,0.9,9,936,2668,380,739,69,345,7,224,.277,.333,.417,.751,,,,,,,,,,,,
71,Robb Quinlan\quinlro01,2010-02-11,Los Angeles Angels of Anaheim,LAA,33,-1.1,7,435,1079,130,303,25,119,14,67,.281,.326,.408,.734,,,,,,,,,,,,
72,Shawn Riggans\riggash01,2010-02-11,New York Mets,TBR,29,0.0,4,64,188,27,38,7,28,0,16,.202,.266,.356,.622,,,,,,,,,,,,
73,Mark Saccomanno\saccoma01,2010-02-11,Florida Marlins,HOU,30,0.1,1,,,,,,,,,,,,,,,,,,,,,,,,
74,Kip Wells\wellski01,2010-02-11,Cincinnati Reds,CIN,33,-2.0,11,214,319,29,62,4,17,1,4,.194,.207,.270,.476,67,99,4.71,1.510,289,212,2,1301.0,1349,145,615,944
75,Jesus Colome\colomje01,2010-02-10,Seattle Mariners,MIL,32,0.3,9,147,2,0,0,0,0,0,0,.000,.000,.000,.000,19,26,4.66,1.505,329,0,6,409.1,403,48,213,314
76,Marcus Thames\thamema01,2010-02-10,New York Yankees,DET,33,0.7,8,522,1549,230,376,101,261,3,136,.243,.306,.491,.797,,,,,,,,,,,,
77,Todd Wellemeyer\welleto01,2010-02-10,San Francisco Giants,STL,31,-0.2,7,156,120,5,17,0,6,0,2,.142,.154,.142,.296,29,29,4.74,1.505,195,64,3,556.0,567,74,270,418
78,Mark Worrell\worrema01,2010-02-10,San Diego Padres,SDP,27,0.0,1,4,2,1,1,1,3,0,0,.500,.500,2.000,2.500,0,1,7.94,2.118,4,0,0,5.2,8,1,4,4
79,Angel Chavez\chavean02,2010-02-09,Tampa Bay Rays,BOS,28,,4,,,,,,,,,,,,,,,,,,,,,,,,
80,Brian Giles\gilesbr02,2010-02-09,Los Angeles Dodgers,SDP,39,4.4,15,1847,6527,1121,1897,287,1078,109,1183,.291,.400,.502,.902,,,,,,,,,,,,
81,Mark Hendrickson\hendrma01,2010-02-09,Baltimore Orioles,BAL,36,0.5,8,98,97,8,13,1,3,0,6,.134,.184,.216,.401,56,68,5.00,1.448,268,165,1,1082.2,1249,135,319,606
82,Bobby Korecky\korecbo01,2010-02-09,Los Angeles Angels of Anaheim,ARI,30,-0.2,2,7,1,0,1,0,0,0,0,1.000,1.000,1.000,2.000,2,0,6.85,1.775,21,0,0,23.2,30,2,12,9
83,Will Ohman\ohmanwi01,2010-02-09,Baltimore Orioles,LAD,32,0.5,7,312,5,0,2,0,1,0,1,.400,.500,.400,.900,11,9,4.25,1.385,324,0,3,231.0,206,24,114,226
84,Jamey Wright\wrighja01,2010-02-09,Cleveland Indians,KCR,35,0.4,14,258,436,26,64,1,17,0,12,.147,.170,.193,.362,82,115,5.03,1.580,420,246,0,1702.0,1847,182,843,940
85,Randy Winn\winnra01,2010-02-08,New York Yankees,SFG,36,8.0,12,1601,5981,840,1710,106,637,209,505,.286,.344,.418,.762,,,,,,,,,,,,
86,Chase Wright\wrighch01,2010-02-08,Milwaukee Brewers,MIL,27,-0.1,2,,,,,,,,,,,,,,,,,,,,,,,,
87,Shawn Estes\estessh01,2010-02-07,Washington Nationals,LAD,37,0.0,14,,,,,,,,,,,,,,,,,,,,,,,,
88,Andrew Brown\brownan01,2010-02-06,Washington Nationals,OAK,29,0.6,3,,,,,,,,,,,,,,,,,,,,,,,,
89,Jason Dubois\duboija01,2010-02-06,Chicago Cubs,NYM,31,,5,,,,,,,,,,,,,,,,,,,,,,,,
90,Jason Lane\laneja01,2010-02-06,Florida Marlins,TOR,33,-0.8,6,497,1208,165,291,61,189,10,123,.241,.314,.457,.771,,,,,,,,,,,,
91,J.J. Furmaniak\furmajj01,2010-02-05,Tampa Bay Rays,PHI,30,0.0,4,,,,,,,,,,,,,,,,,,,,,,,,
92,Josh Phelps\phelpjo01,2010-02-05,Colorado Rockies,SFG,32,0.5,9,,,,,,,,,,,,,,,,,,,,,,,,
93,Yorvit Torrealba\torreyo01,2010-02-05,San Diego Padres,COL,31,0.8,9,574,1781,206,454,38,235,11,139,.255,.315,.390,.706,,,,,,,,,,,,
94,Erik Bedard\bedarer01,2010-02-04,Seattle Mariners,SEA,31,9.0,7,7,15,0,4,0,1,0,1,.267,.313,.267,.579,51,41,3.71,1.322,144,141,0,822.0,762,75,325,801
95,Joel Guzman\guzmajo03,2010-02-04,Baltimore Orioles,WSN,25,-0.3,3,,,,,,,,,,,,,,,,,,,,,,,,
96,Orlando Hudson\hudsoor01,2010-02-04,Minnesota Twins,LAD,32,10.5,8,1014,3670,493,1035,77,434,50,364,.282,.348,.431,.778,,,,,,,,,,,,
97,Alfredo Amezaga\amezaal01,2010-02-03,Los Angeles Dodgers,FLA,32,3.8,8,544,1331,167,334,12,106,49,105,.251,.311,.341,.652,,,,,,,,,,,,
98,Seth Etherton\etherse01,2010-02-03,Los Angeles Dodgers,ARI,33,,9,,,,,,,,,,,,,,,,,,,,,,,,
99,Bobby Livingston\livinbo01,2010-02-03,New York Mets,PIT,27,0.7,3,,,,,,,,,,,,,,,,,,,,,,,,
100,Kevin Millar\millake01,2010-02-03,Chicago Cubs,TOR,38,1.1,12,1427,4688,648,1284,170,699,7,564,.274,.358,.452,.810,,,,,,,,,,,,
101,Mike Ryan\ryanmi03,2010-02-03,Los Angeles Angels of Anaheim,FLA,32,,4,127,260,32,69,7,33,4,19,.265,.313,.408,.721,,,,,,,,,,,,
102,Kevin Gregg\greggke01,2010-02-02,Toronto Blue Jays,CHC,32,2.7,7,218,6,0,0,0,0,0,0,.000,.000,.000,.000,23,27,4.10,1.321,343,8,85,476.1,436,50,193,437
103,Seth McClung\mccluse01,2010-02-02,Florida Marlins,MIL,29,1.1,6,89,27,2,5,0,0,0,0,.185,.185,.222,.407,26,34,5.46,1.578,177,51,6,430.1,425,61,254,314
104,Guillermo Mota\motagu01,2010-02-02,San Francisco Giants,LAD,36,0.3,11,549,37,4,8,2,7,0,0,.216,.216,.405,.622,36,39,3.89,1.267,609,0,8,701.2,618,73,271,557
105,Ramon Ortiz\ortizra02,2010-02-02,Los Angeles Dodgers,SFG,37,0.1,9,86,136,8,11,1,4,0,5,.081,.113,.118,.231,84,80,4.90,1.419,258,210,0,1359.2,1468,217,462,841
106,Craig Stansberry\stanscr01,2010-02-02,San Diego Padres,SDP,28,0.0,3,24,24,5,8,0,3,0,2,.333,.407,.375,.782,,,,,,,,,,,,
107,Jeff Weaver\weaveje01,2010-02-02,Los Angeles Dodgers,LAD,33,0.4,10,127,203,14,42,0,13,0,6,.207,.233,.246,.480,99,118,4.67,1.363,312,274,2,1793.2,1949,222,496,1188
108,Orlando Cabrera\cabreor01,2010-02-01,Cincinnati Reds,MIN,35,6.1,13,1732,6618,882,1818,114,761,197,469,.275,.322,.398,.720,,,,,,,,,,,,
109,Reed Johnson\johnsre02,2010-02-01,Los Angeles Dodgers,CHC,33,1.4,7,784,2581,394,728,52,306,35,151,.282,.344,.411,.755,,,,,,,,,,,,
110,Joe Nelson\nelsojo01,2010-02-01,Boston Red Sox,TBR,35,1.7,5,61,1,1,0,0,0,0,0,.000,.000,.000,.000,7,2,4.07,1.392,149,0,13,143.2,122,18,78,145
111,Horacio Ramirez\ramirho01,2010-02-01,San Francisco Giants,WSN,30,-1.2,7,88,179,9,27,0,5,0,2,.151,.160,.179,.339,39,35,4.64,1.478,157,105,0,679.1,742,82,262,314
112,Gabe Gross\grossga01,2010-01-31,Oakland Athletics,TBR,30,2.8,6,552,1239,176,296,39,161,17,182,.239,.337,.399,.736,,,,,,,,,,,,
113,Melvin Mora\morame01,2010-01-31,Colorado Rockies,BAL,38,4.0,11,1401,4979,750,1384,164,693,91,487,.278,.352,.436,.788,,,,,,,,,,,,
114,Scott Munter\muntesc01,2010-01-30,San Diego Padres,COL,30,0.1,4,,,,,,,,,,,,,,,,,,,,,,,,
115,Miguel Batista\batismi01,2010-01-29,Washington Nationals,SEA,39,0.6,15,278,291,19,27,2,9,0,11,.093,.125,.131,.256,95,108,4.54,1.497,530,237,39,1761.0,1843,177,794,1128
116,Doug Bernier\bernido01,2010-01-29,Pittsburgh Pirates,NYY,30,-0.1,1,2,4,0,0,0,0,0,0,.000,.000,.000,.000,,,,,,,,,,,,
117,Travis Blackley\blacktr01,2010-01-29,New York Mets,ARI,27,-0.1,2,2,3,0,1,0,0,0,0,.333,.333,.333,.667,1,3,9.35,2.077,8,8,0,34.2,45,11,27,21
118,Frank Catalanotto\catalfr01,2010-01-29,New York Mets,MIL,36,1.1,13,1240,3799,560,1109,84,456,45,330,.292,.358,.446,.804,,,,,,,,,,,,
119,Howie Clark\clarkho02,2010-01-29,Toronto Blue Jays,TOR,36,0.0,7,,,,,,,,,,,,,,,,,,,,,,,,
120,Brian Gordon\gordobr01,2010-01-29,Philadelphia Phillies,TEX,31,0.1,1,0,0,0,0,0,0,0,0,,,,,0,0,2.25,1.000,3,0,0,4.0,4,0,0,1
121,Carlos Guevara\guevaca01,2010-01-29,Colorado Rockies,SDP,28,-0.1,1,,,,,,,,,,,,,,,,,,,,,,,,
122,Kevin Melillo\melilke01,2010-01-29,Pittsburgh Pirates,MIL,28,0.0,2,,,,,,,,,,,,,,,,,,,,,,,,
123,Jose Veras\verasjo01,2010-01-29,Florida Marlins,CLE,29,0.8,4,5,0,0,0,0,0,0,0,,,,,9,6,4.42,1.379,128,0,3,128.1,108,17,69,116
124,Daniel Cabrera\cabreda01,2010-01-28,Chicago White Sox,ARI,29,0.0,6,23,26,0,0,0,0,0,2,.000,.103,.000,.103,48,65,5.10,1.573,162,155,1,892.1,884,92,520,674
125,Justin Knoedler\knoedju01,2010-01-28,Los Angeles Dodgers,CHW,29,,5,,,,,,,,,,,,,,,,,,,,,,,,
126,Val Pascucci\pascuva01,2010-01-28,New York Mets,SDP,31,,1,32,62,6,11,2,6,1,10,.177,.297,.290,.588,,,,,,,,,,,,
127,Fernando Tatis\tatisfe01,2010-01-28,New York Mets,NYM,35,2.7,10,908,2986,421,795,111,442,50,315,.266,.345,.444,.790,,,,,,,,,,,,
128,Miguel Cairo\cairomi01,2010-01-27,Cincinnati Reds,PHI,36,0.7,14,1227,3361,432,893,28,320,128,204,.266,.315,.358,.672,,,,,,,,,,,,
129,Dan Giese\gieseda01,2010-01-27,Oakland Athletics,OAK,33,0.5,3,9,0,0,0,0,0,0,0,,,,,1,8,4.22,1.259,35,4,0,74.2,69,12,25,47
130,Chris Gissell\gissech01,2010-01-27,Colorado Rockies,OAK,32,,5,,,,,,,,,,,,,,,,,,,,,,,,
131,Heath Phillips\phillhe01,2010-01-27,Tampa Bay Rays,KCR,28,0.2,2,,,,,,,,,,,,,,,,,,,,,,,,
132,Brad Ausmus\ausmubr01,2010-01-26,Los Angeles Dodgers,LAD,41,0.0,17,1950,6216,714,1565,80,605,102,627,.252,.325,.344,.670,,,,,,,,,,,,
133,Ronnie Belliard\belliro01,2010-01-26,Los Angeles Dodgers,LAD,35,4.6,12,1402,4883,661,1342,112,582,41,470,.275,.339,.418,.757,,,,,,,,,,,,
134,Jon Garland\garlajo01,2010-01-26,San Diego Padres,LAD,30,5.8,10,48,89,5,9,1,5,0,3,.101,.140,.135,.275,117,102,4.42,1.387,311,288,1,1829.1,1944,228,593,960
135,Freddy Guzman\guzmafr01,2010-01-26,Philadelphia Phillies,NYY,29,0.1,4,47,95,13,20,1,7,9,4,.211,.255,.274,.529,,,,,,,,,,,,
136,Rich Hill\hillri01,2010-01-26,St. Louis Cardinals,BAL,30,2.3,5,65,114,1,14,0,6,0,2,.123,.138,.149,.287,21,20,4.87,1.356,78,70,0,395.1,359,55,177,355
137,Damian Moss\mossda01,2010-01-26,Colorado Rockies,COL,33,,8,,,,,,,,,,,,,,,,,,,,,,,,
138,Xavier Nady\nadyxa01,2010-01-26,Chicago Cubs,NYY,31,4.1,8,679,2257,290,632,87,325,16,144,.280,.335,.458,.792,,,,,,,,,,,,
139,Rich Rundles\rundlri01,2010-01-26,St. Louis Cardinals,CLE,29,0.2,2,0,0,0,0,0,0,0,0,,,,,0,0,1.50,1.667,9,0,0,6.0,6,0,4,7
140,Jim Thome HOF\thomeji01,2010-01-26,Minnesota Twins,LAD,39,7.1,19,2284,7706,1486,2138,564,1565,19,1619,.277,.404,.557,.961,,,,,,,,,,,,
141,Kevin Cash\cashke01,2010-01-25,Houston Astros,NYY,32,-0.6,7,197,527,47,98,10,53,0,38,.186,.248,.287,.535,,,,,,,,,,,,
142,Devern Hansack\hansade01,2010-01-25,Boston Red Sox,BOS,32,-0.1,3,,,,,,,,,,,,,,,,,,,,,,,,
143,Luis Maza\mazalu01,2010-01-25,Philadelphia Phillies,LAD,30,-0.7,1,,,,,,,,,,,,,,,,,,,,,,,,
144,Chad Tracy\tracych01,2010-01-25,Chicago Cubs,ARI,30,-1.2,6,704,2338,293,654,78,318,11,205,.280,.339,.453,.792,,,,,,,,,,,,
145,Tyler Walker\walkety01,2010-01-25,Washington Nationals,PHI,34,1.5,7,227,10,0,0,0,0,0,1,.000,.091,.000,.091,22,18,4.32,1.388,262,1,34,264.1,265,32,102,213
146,Jason Giambi\giambja01,2010-01-23,Colorado Rockies,COL,39,2.7,15,1952,6625,1159,1871,409,1330,18,1262,.282,.405,.527,.932,,,,,,,,,,,,
147,Miguel Tejada\tejadmi01,2010-01-23,Baltimore Orioles,HOU,36,6.2,13,1871,7320,1116,2114,285,1185,78,505,.289,.341,.469,.810,,,,,,,,,,,,
148,Jose Arredondo\arredjo01,2010-01-22,Cincinnati Reds,LAA,26,1.6,2,6,0,0,0,0,0,0,0,,,,,12,5,3.48,1.264,95,0,0,106.0,89,9,45,102
149,Jose Contreras\contrjo01,2010-01-22,Philadelphia Phillies,COL,38,3.1,7,19,29,1,0,0,0,0,3,.000,.094,.000,.094,71,63,4.61,1.371,191,175,0,1083.2,1092,124,394,799
150,Doug Davis\davisdo02,2010-01-22,Milwaukee Brewers,ARI,34,6.1,11,203,389,12,34,0,12,0,4,.087,.099,.108,.207,90,97,4.31,1.492,289,269,0,1631.2,1699,172,736,1209
151,Scott Dohmann\dohmasc01,2010-01-22,Los Angeles Dodgers,ARI,32,0.6,5,,,,,,,,,,,,,,,,,,,,,,,,
152,Nick Green\greenni01,2010-01-22,Los Angeles Dodgers,BOS,31,0.1,5,378,979,140,234,16,94,6,76,.239,.307,.352,.660,0,0,0.00,1.500,1,0,0,2.0,0,0,3,0
153,John Koronka\koronjo01,2010-01-22,Los Angeles Dodgers,FLA,29,-0.7,4,10,13,0,0,0,0,0,1,.000,.071,.000,.071,8,13,6.25,1.629,31,30,0,158.1,191,23,67,77
154,Brian Lawrence\lawrebr02,2010-01-22,Florida Marlins,FLA,34,-0.3,8,,,,,,,,,,,,,,,,,,,,,,,,
155,Russ Ortiz\ortizru01,2010-01-22,Los Angeles Dodgers,COL,36,-0.5,11,278,507,45,104,7,49,0,35,.205,.257,.292,.549,113,88,4.48,1.489,305,266,0,1654.1,1608,179,855,1186
156,Michael Restovich\restomi01,2010-01-22,Los Angeles Dodgers,CHW,31,-0.5,7,,,,,,,,,,,,,,,,,,,,,,,,
157,Rick Ankiel\ankieri01,2010-01-21,Kansas City Royals,STL,30,3.6,7,342,1044,155,262,49,157,7,87,.251,.311,.452,.763,,,,,,,,,,,,
158,Denny Bautista\bautide01,2010-01-21,San Francisco Giants,PIT,29,-0.9,6,62,7,0,1,0,1,0,0,.143,.143,.143,.286,9,15,6.26,1.714,100,21,0,189.2,221,17,104,136
159,Harvey Garcia\garciha01,2010-01-21,Los Angeles Dodgers,LAD,26,0.1,2,,,,,,,,,,,,,,,,,,,,,,,,
160,Khalil Greene\greenkh01,2010-01-21,Texas Rangers,STL,30,2.2,7,736,2567,322,628,90,352,25,190,.245,.302,.422,.723,,,,,,,,,,,,
161,Shawn Hill\hillsh01,2010-01-21,Toronto Blue Jays,SDP,29,1.4,5,35,45,3,3,0,0,0,6,.067,.192,.067,.259,8,16,4.95,1.461,40,40,0,218.1,249,18,70,137
162,Mark McLemore\mclemma02,2010-01-21,Minnesota Twins,HOU,29,0.4,2,,,,,,,,,,,,,,,,,,,,,,,,
163,Vicente Padilla\padilvi01,2010-01-21,Los Angeles Dodgers,LAD,32,2.3,11,195,224,8,23,0,15,0,14,.103,.162,.125,.287,98,85,4.33,1.392,305,221,2,1417.2,1467,160,507,977
164,Jared Wells\wellsja02,2010-01-21,Houston Astros,SEA,28,-0.3,1,,,,,,,,,,,,,,,,,,,,,,,,
165,D.J. Carrasco\carradj01,2010-01-20,Pittsburgh Pirates,CHW,33,2.4,5,9,9,0,0,0,0,0,0,.000,.000,.000,.000,20,16,4.45,1.474,181,23,2,362.1,385,31,149,220
166,Octavio Dotel\doteloc01,2010-01-20,Pittsburgh Pirates,CHW,36,2.2,11,328,74,3,5,0,1,0,5,.068,.138,.068,.205,46,39,3.73,1.251,562,34,83,770.1,617,99,347,940
167,Juan Mateo\mateoju02,2010-01-20,Los Angeles Angels of Anaheim,PIT,27,,3,,,,,,,,,,,,,,,,,,,,,,,,
168,Joel Pineiro\pineijo01,2010-01-20,Los Angeles Angels of Anaheim,STL,31,2.7,10,88,159,10,17,0,10,1,9,.107,.155,.145,.299,87,79,4.39,1.343,285,216,2,1456.1,1541,162,415,904
169,Mike Rabelo\rabelmi01,2010-01-20,Detroit Tigers,FLA,30,-0.4,3,,,,,,,,,,,,,,,,,,,,,,,,
170,Cory Sullivan\sullico01,2010-01-20,Houston Astros,NYM,30,0.4,5,419,1063,150,293,10,93,32,88,.276,.331,.389,.721,,,,,,,,,,,,
171,Bengie Molina\molinbe01,2010-01-19,San Francisco Giants,SFG,35,2.4,12,1244,4435,430,1223,139,675,3,184,.276,.308,.418,.726,,,,,,,,,,,,
172,Gustavo Molina\molingu01,2010-01-19,Boston Red Sox,WSN,28,-0.5,2,19,34,1,4,0,1,0,2,.118,.162,.147,.309,,,,,,,,,,,,
173,Sam Narron\narrosa02,2010-01-19,Detroit Tigers,MIL,28,,5,,,,,,,,,,,,,,,,,,,,,,,,
174,Steven Register\regisst01,2010-01-19,Toronto Blue Jays,PHI,27,-0.2,2,11,0,0,0,0,0,0,0,,,,,0,0,8.25,1.917,11,0,0,12.0,16,4,7,9
175,Jose Valverde\valvejo01,2010-01-19,Detroit Tigers,HOU,32,5.2,7,356,2,1,1,0,0,0,0,.500,.500,1.000,1.500,19,19,3.17,1.168,379,0,167,386.0,296,44,155,470
176,Jerry Hairston\hairsje02,2010-01-18,San Diego Padres,NYY,34,3.0,12,1029,3178,448,822,49,291,134,272,.259,.328,.373,.701,,,,,,,,,,,,
177,Shane Loux\louxsh01,2010-01-18,Houston Astros,LAA,30,-0.4,4,0,0,0,0,0,0,0,0,,,,,3,7,6.14,1.618,39,13,0,118.2,156,13,36,38
178,Ruddy Lugo\lugoru01,2010-01-18,Detroit Tigers,DET,30,-0.1,3,,,,,,,,,,,,,,,,,,,,,,,,
179,Chad Paronto\paronch01,2010-01-18,Boston Red Sox,HOU,34,-0.1,7,119,3,0,0,0,0,0,0,.000,.000,.000,.000,6,12,4.32,1.451,177,0,1,183.1,200,21,66,107
180,Jeremy Reed\reedje03,2010-01-18,Toronto Blue Jays,NYM,29,-0.7,6,462,1222,140,312,11,107,19,98,.255,.312,.357,.669,,,,,,,,,,,,
181,Brendan Donnelly\donnebr01,2010-01-16,Pittsburgh Pirates,FLA,38,0.8,8,53,1,0,0,0,0,0,0,.000,.000,.000,.000,29,9,3.02,1.210,348,0,6,354.2,300,29,129,343
182,Jolbert Cabrera\cabrejo02,2010-01-15,New York Mets,BAL,37,0.3,11,,,,,,,,,,,,,,,,,,,,,,,,
183,Carlos Muniz\munizca01,2010-01-15,New York Mets,NYM,29,-0.1,2,,,,,,,,,,,,,,,,,,,,,,,,
184,Mike Redmond\redmomi01,2010-01-15,Cleveland Indians,MIN,39,-0.1,12,741,2201,201,636,13,238,1,143,.289,.345,.361,.705,,,,,,,,,,,,
185,Jeff Salazar\salazje01,2010-01-15,Baltimore Orioles,PIT,29,-0.5,4,168,298,44,69,4,31,5,44,.232,.335,.349,.684,,,,,,,,,,,,
186,Mark Johnson\johnsma02,2010-01-14,Chicago Cubs,CHC,34,-0.1,11,,,,,,,,,,,,,,,,,,,,,,,,
187,Kory Casto\castoko01,2010-01-13,Detroit Tigers,WSN,28,-1.6,2,,,,,,,,,,,,,,,,,,,,,,,,
188,Brandon Duckworth\duckwbr01,2010-01-13,Philadelphia Phillies,KCR,34,0.4,8,,,,,,,,,,,,,,,,,,,,,,,,
189,Adam LaRoche\larocad01,2010-01-13,Arizona Diamondbacks,ATL,30,4.9,6,838,2877,402,787,136,469,4,306,.274,.343,.491,.834,,,,,,,,,,,,
190,Pedro Lopez\lopezpe01,2010-01-13,Washington Nationals,PIT,26,-0.5,4,,,,,,,,,,,,,,,,,,,,,,,,
191,Jorge Sosa\sosajo02,2010-01-13,Boston Red Sox,WSN,32,-0.4,8,168,81,5,11,3,4,0,7,.136,.205,.272,.476,42,50,4.72,1.478,272,88,7,736.0,752,108,336,472
192,Eider Torres\torreei01,2010-01-13,Colorado Rockies,CHW,27,-0.2,1,,,,,,,,,,,,,,,,,,,,,,,,
193,Jason Waddell\waddeja01,2010-01-13,Detroit Tigers,DET,29,0.0,1,3,0,0,0,0,0,0,0,,,,,0,0,5.40,1.800,3,0,0,1.2,3,0,0,2
194,Jeff Bailey\baileje01,2010-01-12,Arizona Diamondbacks,BOS,31,0.0,3,56,136,25,31,6,16,0,19,.228,.340,.434,.773,,,,,,,,,,,,
195,Brian Bass\bassbr01,2010-01-12,Pittsburgh Pirates,BAL,28,0.0,2,7,1,0,0,0,0,0,0,.000,.000,.000,.000,9,7,4.87,1.588,97,4,1,175.2,204,23,75,99
196,Ramon Castro\castrra01,2010-01-12,Chicago White Sox,CHW,34,1.1,11,507,1243,131,290,55,186,1,135,.233,.308,.415,.723,,,,,,,,,,,,
197,JD Closser\clossjd01,2010-01-12,Los Angeles Dodgers,LAD,30,,5,,,,,,,,,,,,,,,,,,,,,,,,
198,Alvin Colina\colinal01,2010-01-12,Tampa Bay Rays,ATL,28,,3,,,,,,,,,,,,,,,,,,,,,,,,
199,Brad Nelson\nelsobr02,2010-01-12,Seattle Mariners,SEA,27,-0.3,2,28,28,0,2,0,0,0,3,.071,.161,.143,.304,,,,,,,,,,,,
200,Argenis Reyes\reyesar01,2010-01-12,Los Angeles Dodgers,NYM,27,-0.3,2,58,127,13,26,1,3,3,5,.205,.246,.228,.475,,,,,,,,,,,,
201,Ryan Church\churcry01,2010-01-11,Pittsburgh Pirates,ATL,31,6.7,6,548,1675,226,456,51,242,20,172,.272,.345,.441,.787,,,,,,,,,,,,
202,Shelley Duncan\duncash01,2010-01-11,Cleveland Indians,NYY,30,0.0,3,68,146,24,32,8,24,0,15,.219,.290,.411,.701,,,,,,,,,,,,
203,Andy Gonzalez\gonzaan01,2010-01-11,Baltimore Orioles,FLA,28,-1.7,3,91,225,21,41,3,13,1,31,.182,.281,.258,.539,,,,,,,,,,,,
204,Norris Hopper\hoppeno01,2010-01-11,Milwaukee Brewers,WSN,31,1.1,3,,,,,,,,,,,,,,,,,,,,,,,,
205,Austin Kearns\kearnau01,2010-01-11,Cleveland Indians,WSN,30,1.0,8,842,2879,425,737,105,422,27,385,.256,.353,.427,.780,,,,,,,,,,,,
206,Justin Lehr\lehrju01,2010-01-11,Cincinnati Reds,CIN,32,-0.1,4,51,25,1,2,0,1,0,1,.080,.115,.120,.235,9,6,5.34,1.551,77,11,0,148.1,163,23,67,84
207,Jailen Peguero\pegueja01,2010-01-11,Texas Rangers,TEX,29,-0.4,2,,,,,,,,,,,,,,,,,,,,,,,,
208,Adam Pettyjohn\pettyad01,2010-01-11,New York Mets,NYM,33,-0.5,8,,,,,,,,,,,,,,,,,,,,,,,,
209,Matthew Brown\brownma05,2010-01-10,Texas Rangers,LAA,27,-0.5,2,,,,,,,,,,,,,,,,,,,,,,,,
210,Matt Herges\hergema01,2010-01-10,Kansas City Royals,COL,40,1.7,11,527,36,0,6,0,1,0,1,.167,.189,.167,.356,43,35,3.91,1.436,567,4,34,691.0,735,66,257,473
211,Aubrey Huff\huffau01,2010-01-10,San Francisco Giants,DET,33,2.7,10,1322,4936,654,1391,203,752,25,425,.282,.340,.472,.812,,,,,,,,,,,,
212,Elizardo Ramirez\ramirel01,2010-01-10,Texas Rangers,TEX,27,-0.6,5,,,,,,,,,,,,,,,,,,,,,,,,
213,Vladimir Guerrero HOF\guerrvl01,2010-01-09,Texas Rangers,LAA,35,7.8,14,1850,7000,1185,2249,407,1318,175,685,.321,.386,.568,.954,,,,,,,,,,,,
214,Bryan LaHair\lahaibr01,2010-01-09,Chicago Cubs,SEA,27,-0.4,1,45,136,15,34,3,10,0,13,.250,.315,.346,.661,,,,,,,,,,,,
215,Jesus Delgado\delgaje01,2010-01-08,Cincinnati Reds,SEA,26,0.0,1,,,,,,,,,,,,,,,,,,,,,,,,
216,Brett Myers\myersbr01,2010-01-08,Houston Astros,PHI,29,1.7,8,233,346,17,42,0,10,0,19,.121,.167,.147,.315,73,63,4.40,1.357,240,183,21,1183.2,1193,178,413,986
217,Scott Podsednik\podsesc01,2010-01-08,Kansas City Royals,CHW,34,1.6,9,882,3168,481,876,35,249,266,287,.277,.340,.381,.720,,,,,,,,,,,,
218,Willie Collazo\collawi01,2010-01-07,Toronto Blue Jays,FLA,30,0.0,2,,,,,,,,,,,,,,,,,,,,,,,,
219,Jack Cust\custja01,2010-01-07,Oakland Athletics,OAK,31,7.0,8,491,1533,242,367,89,248,4,332,.239,.374,.455,.829,,,,,,,,,,,,
220,Lenny DiNardo\dinarle01,2010-01-07,Oakland Athletics,KCR,30,-1.1,6,6,5,0,1,0,0,0,0,.200,.200,.200,.400,10,18,5.36,1.677,94,34,0,257.0,316,26,115,132
221,Jorge Padilla\padiljo01,2010-01-07,Toronto Blue Jays,WSN,30,-0.6,1,29,25,3,3,0,0,0,1,.120,.154,.120,.274,,,,,,,,,,,,
222,Scott Patterson\pattesc01,2010-01-07,Boston Red Sox,OAK,31,0.1,1,,,,,,,,,,,,,,,,,,,,,,,,
223,Matt Capps\cappsma01,2010-01-06,Washington Nationals,PIT,26,2.7,5,262,4,1,1,0,0,0,1,.250,.400,.250,.650,19,19,3.61,1.178,271,0,67,271.2,270,32,50,208
224,Luke Carlin\carlilu01,2010-01-06,Pittsburgh Pirates,ARI,29,-0.1,2,46,112,15,17,1,7,0,13,.152,.246,.223,.469,,,,,,,,,,,,
225,Clay Condrey\condrcl01,2010-01-06,Minnesota Twins,PHI,34,1.2,6,173,25,2,3,0,0,0,0,.120,.120,.160,.280,18,12,4.10,1.470,179,9,4,250.1,281,25,87,143
226,Chad Cordero\cordech01,2010-01-06,Seattle Mariners,SEA,28,1.4,6,293,5,0,0,0,0,0,0,.000,.000,.000,.000,20,14,2.78,1.198,305,0,128,320.2,267,39,117,292
227,Sergio Mitre\mitrese01,2010-01-06,New York Yankees,NYY,29,0.0,6,75,78,5,11,0,2,0,3,.141,.173,.192,.365,13,26,5.56,1.557,90,61,0,362.1,443,44,121,220
228,Dane Sardinha\sardida01,2010-01-06,Philadelphia Phillies,DET,31,-1.1,4,31,80,3,10,0,6,0,4,.125,.163,.163,.325,,,,,,,,,,,,
229,Joe Thurston\thursjo01,2010-01-06,Atlanta Braves,STL,30,-0.2,6,183,333,34,75,1,27,4,35,.225,.306,.324,.630,,,,,,,,,,,,
230,Ehren Wassermann\wasseeh01,2010-01-06,Philadelphia Phillies,CHW,29,0.1,2,,,,,,,,,,,,,,,,,,,,,,,,
231,Chris Woodward\woodwch01,2010-01-06,Seattle Mariners,BOS,34,-1.4,10,640,1677,208,405,33,191,9,134,.242,.298,.369,.667,,,,,,,,,,,,
232,Josh Bard\bardjo01,2010-01-05,Seattle Mariners,WSN,32,-0.5,8,521,1585,148,411,34,199,1,160,.259,.326,.389,.715,,,,,,,,,,,,
233,Callix Crabbe\crabbca01,2010-01-05,Toronto Blue Jays,SEA,27,-0.5,1,,,,,,,,,,,,,,,,,,,,,,,,
234,Troy Glaus\glaustr01,2010-01-05,Atlanta Braves,STL,33,7.6,12,1409,4998,837,1276,304,879,56,791,.255,.359,.497,.856,,,,,,,,,,,,
235,Eric Hinske\hinsker01,2010-01-05,Atlanta Braves,NYY,32,1.5,8,996,3096,476,785,113,424,61,373,.254,.336,.438,.774,,,,,,,,,,,,
236,Matt Holliday\hollima01,2010-01-05,St. Louis Cardinals,STL,30,17.1,6,854,3237,573,1030,152,592,80,323,.318,.387,.545,.933,,,,,,,,,,,,
237,Royce Ring\ringro01,2010-01-05,New York Yankees,STL,29,-1.1,4,87,0,0,0,0,0,0,0,,,,,3,3,4.93,1.553,94,0,0,65.2,62,5,40,53
238,Zack Segovia\segovza01,2010-01-05,New York Yankees,WSN,27,-0.4,2,9,2,0,0,0,0,0,0,.000,.000,.000,.000,1,1,8.22,1.696,9,1,0,15.1,19,2,7,6
239,Adrian Beltre\beltrad01,2010-01-04,Boston Red Sox,SEA,31,12.6,12,1681,6285,828,1700,250,906,111,478,.270,.325,.453,.779,,,,,,,,,,,,
240,Osiris Matos\matosos01,2010-01-04,San Francisco Giants,SFG,25,-0.5,2,25,3,0,1,0,1,0,0,.333,.333,.333,.667,1,2,5.74,1.763,25,0,0,26.2,37,5,10,21
241,Miguel Olivo\olivomi01,2010-01-04,Colorado Rockies,KCR,31,1.5,8,754,2482,290,602,96,330,37,98,.243,.278,.423,.701,,,,,,,,,,,,
242,John Parrish\parrijo01,2010-01-04,Kansas City Royals,BAL,32,0.2,7,17,1,0,0,0,0,0,0,.000,.000,.000,.000,13,13,4.54,1.693,174,16,1,271.2,276,25,184,221
243,Brian Shouse\shousbr01,2010-01-04,Boston Red Sox,TBR,41,2.0,10,207,0,0,0,0,0,0,0,,,,,13,10,3.72,1.326,467,0,6,350.2,347,31,118,233
244,Juan Uribe\uribeju01,2010-01-04,San Francisco Giants,SFG,31,4.0,9,1108,3836,482,985,127,514,38,219,.257,.298,.430,.729,,,,,,,,,,,,
245,Santiago Casilla\garcija01,2010-01-02,San Francisco Giants,OAK,29,0.1,6,7,0,0,0,0,0,0,0,,,,,6,4,5.11,1.578,152,0,4,160.1,173,20,80,138
246,Guillermo Rodriguez\rodrigu01,2010-00-00,San Francisco Giants,BAL,32,-0.1,2,46,92,11,22,1,15,0,12,.239,.324,.337,.661,,,,,,,,,,,,
247,Danys Baez\baezda01,2009-12-31,Philadelphia Phillies,BAL,32,0.2,8,76,4,1,1,0,0,0,0,.250,.250,.250,.500,35,49,4.04,1.314,453,26,114,613.1,554,60,252,459
248,Brian Burres\burrebr01,2009-12-31,Pittsburgh Pirates,TOR,29,-0.9,4,2,2,0,1,0,1,0,0,.500,.500,.500,1.000,13,20,6.08,1.679,81,41,0,265.0,323,32,122,169
249,Neal Cotts\cottsne01,2009-12-31,Pittsburgh Pirates,CHC,30,0.2,7,89,2,0,1,0,0,0,0,.500,.500,1.000,1.500,10,12,4.63,1.467,284,5,1,256.1,245,38,131,235
250,Kelly Johnson\johnske05,2009-12-30,Arizona Diamondbacks,ATL,28,6.1,4,490,1661,270,439,45,206,29,203,.264,.346,.430,.777,,,,,,,,,,,,
251,Tyler Yates\yatesty01,2009-12-30,Pittsburgh Pirates,PIT,32,-1.4,5,232,12,0,1,0,0,0,0,.083,.083,.083,.167,12,17,5.12,1.565,239,7,4,248.0,253,26,135,222
252,Jason Bay\bayja01,2009-12-29,New York Mets,BOS,31,9.4,7,922,3313,579,927,185,610,66,491,.280,.376,.519,.896,,,,,,,,,,,,
253,Eric Bruntlett\brunter01,2009-12-28,Washington Nationals,PHI,32,-0.9,7,512,789,115,182,11,72,31,76,.231,.303,.330,.633,,,,,,,,,,,,
254,Mark DeRosa\derosma01,2009-12-28,San Francisco Giants,STL,35,5.7,12,1032,3165,484,869,92,430,21,299,.275,.343,.424,.767,,,,,,,,,,,,
255,Eddie Guardado\guarded01,2009-12-28,Washington Nationals,TEX,39,0.8,17,77,1,0,0,0,0,0,0,.000,.000,.000,.000,46,61,4.31,1.315,908,25,187,944.2,894,138,348,798
256,Kelvim Escobar\escobke01,2009-12-26,New York Mets,LAA,34,5.1,12,21,27,1,3,0,1,0,0,.111,.111,.111,.222,101,91,4.15,1.375,411,202,59,1507.0,1461,137,611,1310
257,Bob Howry\howrybo01,2009-12-26,Arizona Diamondbacks,SFG,36,2.4,12,312,5,0,1,0,0,0,0,.200,.200,.200,.400,44,49,3.66,1.228,731,0,66,752.2,684,85,240,639
258,Justin Duchscherer\duchsju01,2009-12-24,Oakland Athletics,OAK,32,3.7,7,10,6,0,0,0,0,0,0,.000,.000,.000,.000,31,24,3.14,1.123,219,27,14,426.2,370,44,109,329
259,Coco Crisp\crispco01,2009-12-23,Oakland Athletics,KCR,30,6.0,8,832,3106,463,860,59,327,137,259,.277,.331,.407,.738,,,,,,,,,,,,
260,Luke Montz\montzlu01,2009-12-23,New York Mets,WSN,26,0.0,1,10,21,2,3,1,3,0,5,.143,.308,.286,.593,,,,,,,,,,,,
261,Anthony Reyes\reyesan01,2009-12-23,Cleveland Indians,CLE,28,-0.5,5,56,57,2,5,0,1,0,1,.088,.103,.088,.191,13,26,5.12,1.377,67,52,1,293.1,285,44,119,205
262,Fernando Rodney\rodnefe01,2009-12-23,Los Angeles Angels of Anaheim,DET,33,0.6,7,15,1,0,0,0,0,0,0,.000,.000,.000,.000,15,30,4.28,1.424,308,0,70,330.0,300,31,170,314
263,Chris Schroder\schroch01,2009-12-23,Florida Marlins,OAK,31,0.6,3,,,,,,,,,,,,,,,,,,,,,,,,
264,Jack Taschner\taschja01,2009-12-23,Pittsburgh Pirates,PHI,32,-0.3,5,191,2,0,0,0,0,0,0,.000,.000,.000,.000,9,5,5.00,1.642,202,0,0,169.1,185,16,93,143
265,Brian Anderson\anderbr03,2009-12-22,Kansas City Royals,BOS,28,-0.3,5,355,799,108,181,22,80,13,65,.227,.290,.370,.660,,,,,,,,,,,,
266,Garrett Atkins\atkinga01,2009-12-22,Baltimore Orioles,COL,30,-1.1,7,773,2788,394,805,98,479,8,279,.289,.354,.457,.811,,,,,,,,,,,,
267,Josh Banks\banksjo01,2009-12-22,Houston Astros,SDP,27,-0.6,3,23,27,4,3,0,0,0,4,.111,.226,.111,.337,4,7,5.38,1.500,26,18,0,115.1,135,19,38,54
268,Kevin Cameron\camerke01,2009-12-22,San Francisco Giants,OAK,30,0.5,3,57,5,0,0,0,0,0,0,.000,.000,.000,.000,2,0,3.02,1.483,69,0,1,86.1,80,1,48,70
269,Reid Gorecki\gorecre01,2009-12-22,New York Yankees,ATL,29,-0.3,1,31,25,6,5,0,3,1,1,.200,.222,.200,.422,,,,,,,,,,,,
270,Josh Kroeger\kroegjo01,2009-12-22,Chicago White Sox,CHW,27,,5,,,,,,,,,,,,,,,,,,,,,,,,
271,Doug Mientkiewicz\mientdo01,2009-12-22,Los Angeles Dodgers,LAD,36,2.5,12,1087,3312,422,899,66,405,14,438,.271,.360,.405,.765,,,,,,,,,,,,
272,Eddie Rogers\rogered01,2009-12-22,Arizona Diamondbacks,ARI,31,,7,,,,,,,,,,,,,,,,,,,,,,,,
273,Josh Whitesell\whitejo03,2009-12-22,Washington Nationals,ARI,28,-0.5,2,53,115,8,23,2,15,0,25,.200,.352,.313,.665,,,,,,,,,,,,
274,Brian Barton\bartobr01,2009-12-21,Los Angeles Dodgers,ATL,28,0.5,2,83,153,23,41,2,13,3,19,.268,.354,.392,.746,,,,,,,,,,,,
275,Raul Chavez\chavera01,2009-12-21,Toronto Blue Jays,TOR,37,1.5,11,263,680,48,157,7,65,4,31,.231,.266,.304,.570,,,,,,,,,,,,
276,R.A. Dickey\dicker.01,2009-12-21,New York Mets,MIN,35,0.8,7,9,5,1,2,0,0,0,0,.400,.400,.400,.800,22,28,5.43,1.572,144,48,2,442.2,519,69,177,271
277,Jason Marquis\marquja01,2009-12-21,Washington Nationals,COL,31,6.9,10,334,505,57,102,5,48,1,13,.202,.223,.295,.518,94,83,4.48,1.418,290,231,1,1485.0,1528,182,578,867
278,Darren Oliver\oliveda02,2009-12-21,Texas Rangers,LAA,39,4.3,16,169,217,17,48,1,20,0,8,.221,.259,.286,.544,106,83,4.75,1.479,529,229,2,1697.1,1847,200,664,1058
279,Ryan Shealy\shealry01,2009-12-21,Tampa Bay Rays,KCR,30,0.2,4,164,538,75,146,19,94,2,46,.271,.335,.429,.764,,,,,,,,,,,,
280,Chris Denorfia\denorch01,2009-12-18,San Diego Padres,OAK,29,0.3,4,100,208,33,58,3,19,4,23,.279,.356,.380,.736,,,,,,,,,,,,
281,Phil Dumatrait\dumatph01,2009-12-18,Detroit Tigers,PIT,28,-2.1,3,40,27,0,1,0,1,0,0,.037,.037,.037,.074,3,10,7.06,1.815,42,17,0,109.2,134,17,65,68
282,Mike Gonzalez\gonzami02,2009-12-18,Baltimore Orioles,ATL,32,1.7,7,289,3,0,1,0,2,0,0,.333,.333,.667,1.000,14,16,2.57,1.219,302,0,54,280.2,213,22,129,330
283,Andy Green\greenan01,2009-12-18,New York Mets,NYM,32,-0.1,4,140,230,33,46,2,12,2,26,.200,.282,.265,.547,,,,,,,,,,,,
284,Eric Hacker\hackeer01,2009-12-18,San Francisco Giants,PIT,27,0.0,1,3,0,0,0,0,0,0,0,,,,,0,0,6.00,2.000,3,0,0,3.0,4,0,2,1
285,Nick Johnson\johnsni01,2009-12-18,New York Yankees,FLA,31,2.6,8,770,2539,409,693,89,379,27,487,.273,.402,.447,.849,,,,,,,,,,,,
286,Ryan Langerhans\langery01,2009-12-18,Seattle Mariners,SEA,30,-0.7,7,512,1079,152,250,27,115,6,155,.232,.332,.379,.711,,,,,,,,,,,,
287,Javier Lopez\lopezja02,2009-12-18,Pittsburgh Pirates,BOS,32,2.4,7,173,8,1,1,0,1,0,0,.125,.125,.125,.250,11,7,4.62,1.494,343,0,4,243.2,251,16,113,152
288,Brian Myrow\myrowbr01,2009-12-18,Pittsburgh Pirates,PIT,33,-0.3,4,,,,,,,,,,,,,,,,,,,,,,,,
289,Chad Reineke\reinech01,2009-12-18,Cincinnati Reds,OAK,28,-0.1,2,4,6,1,1,0,1,0,0,.167,.167,.167,.333,2,1,5.48,1.435,5,4,0,23.0,21,3,12,14
290,Danny Richar\richada02,2009-12-18,Florida Marlins,CIN,27,-1.0,3,79,231,35,53,6,18,2,17,.229,.281,.381,.662,,,,,,,,,,,,
291,Juan Rincon\rincoju01,2009-12-18,Colorado Rockies,COL,31,-2.0,9,46,3,0,1,0,0,0,0,.333,.333,.333,.667,35,29,4.03,1.374,442,3,3,505.0,478,41,216,466
292,Joe Dillon\dillojo02,2009-12-17,Tampa Bay Rays,TBR,34,0.7,4,137,217,35,57,3,19,1,22,.263,.344,.378,.722,,,,,,,,,,,,
293,Chris Stewart\stewach01,2009-12-17,San Diego Padres,NYY,28,-0.5,3,24,48,4,9,0,3,0,3,.188,.235,.229,.464,,,,,,,,,,,,
294,Luis Ayala\ayalalu01,2009-12-16,Los Angeles Dodgers,FLA,32,-1.0,6,342,14,0,4,0,0,0,0,.286,.286,.357,.643,29,39,3.67,1.289,377,0,18,390.1,411,40,92,255
295,Jamey Carroll\carroja01,2009-12-16,Los Angeles Dodgers,CLE,36,4.9,8,786,2171,369,593,12,174,41,243,.273,.351,.350,.701,,,,,,,,,,,,
296,Matt DeSalvo\desalma01,2009-12-16,Florida Marlins,FLA,29,-0.4,2,,,,,,,,,,,,,,,,,,,,,,,,
297,Geoff Geary\gearyge01,2009-12-16,Texas Rangers,HOU,33,-0.2,7,271,17,2,2,0,1,0,1,.118,.167,.176,.343,16,10,3.92,1.386,287,0,1,351.1,364,34,123,230
298,Nick Gorneault\gorneni01,2009-12-16,Los Angeles Angels of Anaheim,TOR,31,0.0,2,,,,,,,,,,,,,,,,,,,,,,,,
299,Steve Holm\holmst01,2009-12-16,San Francisco Giants,SFG,30,-0.2,2,53,91,11,24,1,6,0,12,.264,.364,.396,.760,,,,,,,,,,,,
300,Mike Koplove\koplomi01,2009-12-16,Seattle Mariners,SEA,33,0.0,8,,,,,,,,,,,,,,,,,,,,,,,,
301,Rodrigo Lopez\lopezro02,2009-12-16,Arizona Diamondbacks,PHI,34,0.0,8,31,51,1,2,0,0,0,1,.039,.058,.039,.097,68,66,4.82,1.415,194,166,0,1046.2,1155,147,326,693
302,Mark DiFelice\difelma01,2009-12-15,Milwaukee Brewers,MIL,33,0.9,2,68,1,0,0,0,0,0,0,.000,.000,.000,.000,5,1,3.44,1.203,74,0,0,70.2,66,10,19,68
303,Eliezer Alfonzo\alfonel01,2009-12-14,Seattle Mariners,SDP,31,-0.6,4,155,475,38,113,15,54,1,14,.238,.270,.392,.662,,,,,,,,,,,,
304,Greg Aquino\aquingr01,2009-12-14,Chicago White Sox,CLE,32,-0.6,6,125,2,0,0,0,0,0,0,.000,.000,.000,.000,3,6,5.31,1.620,145,0,17,154.1,163,23,87,143
305,Lance Broadway\broadla01,2009-12-14,Toronto Blue Jays,NYM,26,0.3,3,8,0,0,0,0,0,0,0,,,,,2,2,5.24,1.600,27,2,0,55.0,63,4,25,39
306,Mike Cameron\camermi01,2009-12-14,Boston Red Sox,MIL,37,9.4,15,1829,6440,1013,1610,265,926,296,825,.250,.340,.448,.788,,,,,,,,,,,,
307,Craig Counsell\counscr01,2009-12-14,Milwaukee Brewers,MIL,39,4.6,14,1415,4380,612,1129,39,360,100,548,.258,.345,.350,.694,,,,,,,,,,,,
308,Clay Hensley\henslcl01,2009-12-14,Florida Marlins,FLA,30,-1.5,4,105,70,2,8,0,4,1,3,.114,.151,.143,.294,15,18,4.09,1.406,106,40,0,323.2,305,22,150,206
309,John Lackey\lackejo01,2009-12-14,Boston Red Sox,LAA,31,11.5,8,15,30,1,1,0,1,0,0,.033,.033,.033,.067,102,71,3.81,1.306,234,233,0,1501.0,1519,151,441,1201
310,Kevin Mahar\maharke01,2009-12-14,Philadelphia Phillies,PHI,29,-0.3,2,,,,,,,,,,,,,,,,,,,,,,,,
311,Hideki Matsui\matsuhi01,2009-12-14,Los Angeles Angels of Anaheim,NYY,36,7.9,7,916,3348,536,977,140,597,12,416,.292,.370,.482,.852,,,,,,,,,,,,
312,Jason Michaels\michaja01,2009-12-14,Houston Astros,HOU,34,-1.0,9,836,1990,299,535,49,263,21,220,.269,.343,.411,.754,,,,,,,,,,,,
313,David Pauley\pauleda01,2009-12-14,Seattle Mariners,BAL,27,-0.6,2,0,0,0,0,0,0,0,0,,,,,0,3,9.53,2.294,9,5,0,28.1,54,3,11,21
314,Joel Peralta\peraljo01,2009-12-14,Washington Nationals,COL,34,0.6,5,38,1,1,1,0,2,0,0,1.000,1.000,2.000,3.000,4,11,4.61,1.295,221,0,2,273.1,278,43,76,213
315,Jeremy Powell\powelje01,2009-12-14,Pittsburgh Pirates,PIT,34,,11,,,,,,,,,,,,,,,,,,,,,,,,
316,Cody Ransom\ransoco01,2009-12-14,Philadelphia Phillies,NYY,34,0.1,7,197,262,52,61,7,34,4,30,.233,.321,.401,.722,,,,,,,,,,,,
317,Chris Richard\richach01,2009-12-14,Tampa Bay Rays,TBR,36,-0.5,5,280,899,132,229,34,122,18,81,.255,.323,.445,.768,,,,,,,,,,,,
318,Claudio Vargas\vargacl01,2009-12-14,Milwaukee Brewers,MIL,32,1.7,7,188,185,5,15,0,7,0,3,.081,.096,.103,.198,47,40,4.76,1.419,200,114,1,745.0,773,124,284,526
319,John Buck\buckjo01,2009-12-13,Toronto Blue Jays,KCR,29,0.8,6,584,1913,218,450,70,259,4,151,.235,.298,.407,.705,,,,,,,,,,,,
320,Bruce Chen\chenbr01,2009-12-13,Kansas City Royals,KCR,33,0.0,11,150,116,4,16,0,3,0,3,.138,.160,.147,.306,36,43,4.71,1.405,259,121,0,869.1,882,166,339,687
321,Scott Olsen\olsensc01,2009-12-13,Washington Nationals,WSN,26,0.0,5,111,189,8,30,0,15,0,7,.159,.189,.185,.374,33,41,4.77,1.478,113,112,0,642.0,685,98,264,475
322,Vance Wilson\wilsova01,2009-12-13,Kansas City Royals,KCR,37,,10,,,,,,,,,,,,,,,,,,,,,,,,
323,Devon Lowery\lowerde01,2009-12-12,Kansas City Royals,KCR,27,-0.1,1,,,,,,,,,,,,,,,,,,,,,,,,
324,Brandon Lyon\lyonbr01,2009-12-12,Houston Astros,DET,30,4.2,8,236,0,1,0,0,0,0,1,,1.000,,,27,34,4.20,1.371,374,21,54,494.2,527,55,151,319
325,Marcus McBeth\mcbetma01,2009-12-12,Oakland Athletics,BOS,29,-0.1,2,,,,,,,,,,,,,,,,,,,,,,,,
326,Nate Bump\bumpna01,2009-12-11,Philadelphia Phillies,DET,33,,6,,,,,,,,,,,,,,,,,,,,,,,,
327,Marlon Byrd\byrdma01,2009-12-11,Chicago Cubs,TEX,32,8.9,8,785,2666,380,744,60,335,41,215,.279,.340,.422,.762,,,,,,,,,,,,
328,Shane Costa\costash01,2009-12-11,Kansas City Royals,KCR,28,-0.2,4,,,,,,,,,,,,,,,,,,,,,,,,
329,Melvin Dorta\dortame01,2009-12-11,Philadelphia Phillies,BAL,28,,3,,,,,,,,,,,,,,,,,,,,,,,,
330,John Ennis\ennisjo01,2009-12-11,Philadelphia Phillies,PHI,30,-0.2,7,,,,,,,,,,,,,,,,,,,,,,,,
331,Matt Ginter\gintema01,2009-12-11,Houston Astros,MIL,32,0.1,9,,,,,,,,,,,,,,,,,,,,,,,,
332,Paul Hoover\hoovepa01,2009-12-11,Philadelphia Phillies,PHI,34,0.0,6,31,78,4,20,0,6,0,2,.256,.275,.269,.544,,,,,,,,,,,,
333,Philip Humber\humbeph01,2009-12-11,Kansas City Royals,MIN,27,-0.3,4,5,1,0,0,0,0,0,0,.000,.000,.000,.000,0,0,6.07,1.820,18,1,0,29.2,37,6,17,19
334,Jason Kendall\kendaja01,2009-12-11,Kansas City Royals,MIL,36,4.3,14,1967,7193,991,2084,75,707,177,684,.290,.369,.383,.752,,,,,,,,,,,,
335,Donnie Murphy\murphdo01,2009-12-11,Florida Marlins,BAL,27,-0.5,4,127,325,36,62,10,45,4,30,.191,.265,.342,.607,,,,,,,,,,,,
336,Laynce Nix\nixla01,2009-12-11,Cincinnati Reds,CIN,29,0.7,7,386,1184,157,280,44,164,6,64,.236,.277,.421,.697,,,,,,,,,,,,
337,J.J. Putz\putzjj01,2009-12-11,Chicago White Sox,NYM,33,4.2,7,43,0,0,0,0,0,0,0,,,,,23,19,3.24,1.198,337,0,103,352.1,299,33,123,356
338,Rafael Soriano\soriara01,2009-12-11,Tampa Bay Rays,ATL,30,3.5,8,165,4,0,0,0,0,0,0,.000,.000,.000,.000,8,18,2.92,1.037,278,8,43,332.2,241,35,104,365
339,Scott Strickland\stricsc02,2009-12-11,Florida Marlins,LAD,34,,6,228,6,0,0,0,0,0,0,.000,.000,.000,.000,12,21,3.34,1.300,236,0,20,240.0,201,25,111,243
340,Jon Switzer\switzjo01,2009-12-11,Houston Astros,NYM,30,-0.4,5,5,0,0,0,0,0,0,0,,,,,2,4,6.20,1.794,72,0,0,69.2,87,10,38,46
341,Erick Threets\threeer01,2009-12-11,Chicago White Sox,LAD,28,0.0,2,10,0,0,0,0,0,0,0,,,,,0,1,6.57,2.270,10,0,0,12.1,16,1,12,7
342,Chris Waters\waterch01,2009-12-11,Milwaukee Brewers,BAL,29,0.5,2,0,0,0,0,0,0,0,0,,,,,4,5,5.07,1.480,16,12,0,76.1,79,12,34,38
343,Jake Woods\woodsja01,2009-12-11,Philadelphia Phillies,PHI,28,-0.2,4,,,,,,,,,,,,,,,,,,,,,,,,
344,Cedrick Bowers\bowerce01,2009-12-10,Oakland Athletics,PHI,32,-0.3,1,5,0,1,0,0,0,0,1,,1.000,,,0,0,13.50,2.400,5,0,0,6.2,11,2,5,5
345,Vinnie Chulk\chulkvi01,2009-12-10,Pittsburgh Pirates,CLE,31,1.1,7,119,4,0,1,0,0,0,0,.250,.250,.250,.500,7,15,4.33,1.386,252,0,2,276.1,275,31,108,189
346,Chris Duffy\duffych01,2009-12-10,Philadelphia Phillies,MIL,30,0.4,4,212,713,102,187,6,52,41,51,.262,.323,.352,.675,,,,,,,,,,,,
347,Pedro Feliz\felizpe01,2009-12-10,Houston Astros,PHI,35,4.0,10,1165,3845,451,976,135,558,12,217,.254,.293,.422,.715,,,,,,,,,,,,
348,Rich Harden\harderi01,2009-12-10,Texas Rangers,CHC,28,8.4,7,43,75,4,11,0,1,0,1,.147,.158,.160,.318,50,29,3.39,1.237,135,127,0,753.2,603,70,329,783
349,Macay McBride\mcbrima01,2009-12-10,Detroit Tigers,DET,27,-0.2,4,,,,,,,,,,,,,,,,,,,,,,,,
350,Brian Barden\bardebr01,2009-12-09,Florida Marlins,STL,29,0.0,3,84,147,19,32,4,11,0,8,.218,.266,.327,.592,,,,,,,,,,,,
351,Brian Buscher\buschbr01,2009-12-09,Cleveland Indians,MIN,29,0.5,3,164,436,51,116,8,69,1,53,.266,.343,.356,.699,,,,,,,,,,,,
352,Bobby Crosby\crosbbo01,2009-12-09,Pittsburgh Pirates,OAK,30,0.3,7,677,2391,320,568,61,263,34,224,.238,.305,.378,.683,,,,,,,,,,,,
353,Elmer Dessens\desseel01,2009-12-09,New York Mets,NYM,39,-1.0,13,342,240,14,39,0,16,0,22,.163,.233,.188,.420,48,62,4.53,1.411,388,140,5,1127.1,1259,141,332,677
354,Robinzon Diaz\diazro01,2009-12-09,Detroit Tigers,PIT,26,0.6,2,44,139,9,39,1,20,1,3,.281,.306,.353,.659,,,,,,,,,,,,
355,LaTroy Hawkins\hawkila01,2009-12-09,Milwaukee Brewers,HOU,37,4.0,15,311,6,0,0,0,0,0,0,.000,.000,.000,.000,60,81,4.51,1.437,753,98,87,1197.1,1324,142,397,793
356,A.J. Murray\murraaj01,2009-12-09,Milwaukee Brewers,TEX,28,0.3,2,,,,,,,,,,,,,,,,,,,,,,,,
357,Oswaldo Navarro\navaros01,2009-12-09,Houston Astros,SEA,25,,1,4,3,0,2,0,0,0,0,.667,.667,.667,1.333,,,,,,,,,,,,
358,Josh Wilson\wilsojo03,2009-12-09,Seattle Mariners,SEA,29,-1.9,3,188,484,49,110,5,37,7,29,.227,.283,.331,.614,0,1,9.00,2.333,3,0,0,3.0,4,1,3,0
359,Randy Wolf\wolfra02,2009-12-09,Milwaukee Brewers,LAD,33,6.5,11,276,509,46,92,5,49,1,31,.181,.227,.261,.488,101,85,4.13,1.315,279,275,0,1682.1,1608,212,605,1387
360,Winston Abreu\abreuwi01,2009-12-08,Tampa Bay Rays,TBR,33,-0.6,3,25,2,0,0,0,0,0,0,.000,.000,.000,.000,0,1,7.31,1.714,38,0,0,44.1,57,10,19,38
361,Tim Corcoran\corcoti02,2009-12-08,Los Angeles Dodgers,LAD,32,-0.2,4,,,,,,,,,,,,,,,,,,,,,,,,
362,Chone Figgins\figgich01,2009-12-08,Seattle Mariners,LAA,32,13.4,8,936,3585,596,1045,31,341,280,412,.291,.363,.388,.751,,,,,,,,,,,,
363,Ross Gload\gloadro01,2009-12-08,Philadelphia Phillies,FLA,34,0.8,8,608,1432,176,405,28,192,11,96,.283,.328,.408,.736,0,0,0.00,2.000,1,0,0,1.0,0,0,2,0
364,Carlos Hernandez\hernaca03,2009-12-08,Tampa Bay Rays,TBR,30,,8,,,,,,,,,,,,,,,,,,,,,,,,
365,Justin Miller\milleju01,2009-12-08,Los Angeles Dodgers,SFG,32,1.8,6,144,8,0,0,0,0,0,0,.000,.000,.000,.000,24,14,4.84,1.520,197,33,0,351.1,355,45,179,270
366,Andy Pettitte\pettian01,2009-12-08,New York Yankees,NYY,38,9.2,15,102,186,6,25,1,13,0,6,.134,.161,.183,.343,229,135,3.91,1.361,468,458,0,2926.1,3062,250,921,2150
367,Ryan Speier\speiery01,2009-12-08,Washington Nationals,COL,30,1.1,4,85,5,0,0,0,0,0,0,.000,.000,.000,.000,7,3,3.99,1.470,90,0,0,99.1,104,4,42,58
368,Josh Towers\towerjo01,2009-12-08,Los Angeles Dodgers,NYY,33,-0.8,8,10,16,1,1,0,0,0,0,.063,.063,.063,.125,45,55,4.95,1.381,139,112,1,731.1,887,122,123,389
369,Rafael Betancourt\betanra01,2009-12-07,Colorado Rockies,COL,35,5.3,7,50,1,0,0,0,0,0,0,.000,.000,.000,.000,26,23,3.16,1.123,403,0,18,435.1,376,43,113,438
370,Fabio Castro\castrfa01,2009-12-07,Boston Red Sox,TOR,25,0.0,3,,,,,,,,,,,,,,,,,,,,,,,,
371,Gustavo Chacin\chacigu01,2009-12-07,Houston Astros,PHI,29,-0.1,4,3,7,1,0,0,0,0,0,.000,.000,.000,.000,25,15,4.18,1.381,58,58,0,331.2,340,45,118,185
372,Adam Everett\everead01,2009-12-07,Detroit Tigers,DET,33,2.0,9,815,2617,319,640,40,278,64,165,.245,.297,.351,.648,,,,,,,,,,,,
373,Gary Majewski\majewga01,2009-12-07,Houston Astros,PHI,30,-1.5,5,216,14,0,0,0,0,0,0,.000,.000,.000,.000,9,13,4.61,1.581,229,0,2,240.1,291,18,89,142
374,Carl Pavano\pavanca01,2009-12-07,Minnesota Twins,MIN,34,1.0,11,165,297,14,41,2,14,0,4,.138,.152,.199,.351,80,78,4.44,1.358,226,208,0,1282.2,1402,144,340,839
375,Brad Penny\pennybr01,2009-12-07,St. Louis Cardinals,SFG,32,7.1,10,247,499,25,78,2,30,0,3,.156,.166,.208,.375,105,84,4.14,1.344,279,275,0,1633.2,1669,159,526,1141
376,Ivan Rodriguez HOF\rodriiv01,2009-12-07,Washington Nationals,TEX,38,3.1,19,2388,9070,1308,2711,305,1264,125,487,.299,.336,.471,.807,,,,,,,,,,,,
377,Chris Seddon\seddoch01,2009-12-06,Seattle Mariners,SEA,26,-0.7,1,7,3,0,0,0,0,0,0,.000,.000,.000,.000,0,2,8.83,1.962,7,4,0,17.1,29,2,5,10
378,Henry Blanco\blanche01,2009-12-04,New York Mets,SDP,38,-0.1,12,813,2333,235,531,58,257,4,214,.228,.292,.366,.658,,,,,,,,,,,,
379,Chris Burke\burkech01,2009-12-04,Cincinnati Reds,ATL,30,-2.2,6,477,1267,176,303,23,111,40,113,.239,.315,.359,.674,,,,,,,,,,,,
380,Fernando Cabrera\cabrefe01,2009-12-04,Boston Red Sox,BOS,28,-0.8,6,5,0,0,0,0,0,0,0,,,,,8,7,5.12,1.523,131,0,1,174.0,169,31,96,193
381,Enrique Gonzalez\gonzaen01,2009-12-04,Detroit Tigers,BOS,27,-0.2,4,27,32,3,9,0,3,0,0,.281,.281,.313,.594,4,7,5.93,1.439,29,18,0,115.1,127,15,39,68
382,Mike Gosling\goslimi01,2009-12-04,Cleveland Indians,CLE,29,-0.1,5,43,17,0,0,0,0,0,1,.000,.056,.000,.056,3,4,4.85,1.803,58,9,0,117.0,139,18,72,74
383,Trent Oeltjen\oeltjtr01,2009-12-04,Milwaukee Brewers,ARI,27,0.3,1,24,70,11,17,3,4,3,1,.243,.250,.457,.707,,,,,,,,,,,,
384,Juan Perez\perezju01,2009-12-04,Los Angeles Dodgers,ATL,31,0.0,2,24,0,0,0,0,0,0,0,,,,,0,1,5.17,1.787,24,0,0,15.2,19,3,9,13
385,Prentice Redman\redmapr01,2009-12-04,Los Angeles Dodgers,SEA,30,,6,,,,,,,,,,,,,,,,,,,,,,,,
386,Marco Scutaro\scutama01,2009-12-04,Boston Red Sox,TOR,34,11.0,8,840,2741,387,727,50,294,35,297,.265,.337,.384,.721,,,,,,,,,,,,
387,Gregg Zaun\zaungr01,2009-12-04,Milwaukee Brewers,TBR,39,4.3,15,1204,3387,426,851,86,432,23,468,.251,.344,.388,.732,,,,,,,,,,,,
388,Russ Adams\adamsru01,2009-12-03,New York Mets,SDP,29,-0.4,5,286,884,125,218,17,113,15,85,.247,.313,.372,.685,,,,,,,,,,,,
389,Cory Aldridge\aldrico01,2009-12-03,Los Angeles Angels of Anaheim,KCR,31,,1,8,5,1,0,0,0,0,0,.000,.000,.000,.000,,,,,,,,,,,,
390,T.J. Beam\beamtj01,2009-12-03,Arizona Diamondbacks,TOR,29,0.4,3,,,,,,,,,,,,,,,,,,,,,,,,
391,Fernando Hernandez\hernafe03,2009-12-03,Oakland Athletics,CHW,25,-0.3,1,,,,,,,,,,,,,,,,,,,,,,,,
392,Mike Hessman\hessmmi01,2009-12-03,New York Mets,DET,32,0.5,4,77,168,23,35,13,27,0,13,.208,.276,.476,.752,,,,,,,,,,,,
393,Placido Polanco\polanpl01,2009-12-03,Philadelphia Phillies,DET,34,13.0,12,1465,5511,826,1671,90,579,71,314,.303,.348,.414,.761,,,,,,,,,,,,
394,Takashi Saito\saitota01,2009-12-03,Atlanta Braves,BOS,40,6.5,4,177,1,0,0,0,0,0,0,.000,.000,.000,.000,15,10,2.05,1.011,236,0,83,245.1,171,15,77,297
395,Bobby Scales\scalebo01,2009-12-03,Chicago Cubs,CHC,32,-0.2,1,51,124,15,30,3,15,0,11,.242,.312,.411,.723,,,,,,,,,,,,
396,Levale Speigner\speigle01,2009-12-03,Seattle Mariners,FLA,29,-1.7,2,,,,,,,,,,,,,,,,,,,,,,,,
397,Travis Chick\chicktr01,2009-12-02,Los Angeles Angels of Anaheim,LAD,26,,3,,,,,,,,,,,,,,,,,,,,,,,,
398,Drew Macias\maciadr01,2009-12-02,Arizona Diamondbacks,SDP,27,-0.1,3,69,96,11,19,3,12,0,15,.198,.307,.354,.661,,,,,,,,,,,,
399,Chris Shelton\sheltch01,2009-12-02,Houston Astros,SEA,30,0.2,5,299,930,132,254,37,124,2,96,.273,.345,.457,.802,,,,,,,,,,,,
400,Alfredo Simon\simonal01,2009-12-02,Baltimore Orioles,BAL,29,-0.4,2,0,0,0,0,0,0,0,0,,,,,0,1,7.45,1.448,6,3,0,19.1,24,9,4,11
401,Billy Wagner\wagnebi02,2009-12-02,Atlanta Braves,BOS,38,3.1,15,740,20,1,2,0,1,0,1,.100,.143,.100,.243,40,38,2.39,1.009,782,0,385,833.2,563,77,278,1092
402,Ryan Sadowski\sadowry01,2009-12-01,Houston Astros,SFG,27,0.2,1,6,10,0,1,0,0,0,0,.100,.100,.100,.200,2,4,4.45,1.588,6,6,0,28.1,28,2,17,17
403,Brian Schneider\schnebr01,2009-12-01,Philadelphia Phillies,NYM,33,0.3,10,926,2826,247,709,59,356,4,296,.251,.323,.374,.697,,,,,,,,,,,,
404,Joe Borchard\borchjo01,2009-11-30,San Francisco Giants,SFG,31,-0.3,7,,,,,,,,,,,,,,,,,,,,,,,,
405,Bryan Bullington\bullibr01,2009-11-30,Kansas City Royals,TOR,29,0.1,4,6,3,1,1,0,0,0,0,.333,.333,.333,.667,0,5,5.08,1.564,13,5,0,39.0,47,7,14,25
406,Mike Cervenak\cervemi01,2009-11-30,New York Mets,PHI,33,-0.1,1,,,,,,,,,,,,,,,,,,,,,,,,
407,Brent Clevlen\clevlbr01,2009-11-30,Atlanta Braves,DET,26,-0.4,3,55,73,15,17,3,7,0,5,.233,.282,.425,.707,,,,,,,,,,,,
408,Alex Cora\coraal01,2009-11-30,New York Mets,NYM,34,2.0,12,1116,3076,334,756,35,260,41,226,.246,.313,.344,.658,,,,,,,,,,,,
409,Ruben Gotay\gotayru01,2009-11-30,St. Louis Cardinals,ARI,27,0.1,5,,,,,,,,,,,,,,,,,,,,,,,,
410,Jason LaRue\larueja01,2009-11-30,St. Louis Cardinals,STL,36,-0.3,11,893,2663,304,617,94,343,14,232,.232,.316,.398,.714,,,,,,,,,,,,
411,Hector Luna\lunahe01,2009-11-30,Florida Marlins,LAD,30,-0.1,5,284,703,97,190,11,82,23,51,.270,.324,.388,.713,,,,,,,,,,,,
412,Jerry Owens\owensje01,2009-11-30,Washington Nationals,SEA,29,0.7,4,129,393,49,103,1,18,36,30,.262,.319,.305,.625,,,,,,,,,,,,
413,Tony Pena\penato02,2009-11-30,San Francisco Giants,KCR,29,-1.1,4,327,829,95,189,4,66,8,20,.228,.248,.300,.548,,,,,,,,,,,,
414,Kyle Phillips\phillky01,2009-11-30,Toronto Blue Jays,TOR,26,-0.1,1,5,18,1,5,0,2,0,0,.278,.278,.444,.722,,,,,,,,,,,,
415,Freddie Bynum\bynumfr01,2009-11-28,Chicago White Sox,WSN,30,-0.8,4,,,,,,,,,,,,,,,,,,,,,,,,
416,Chris Capuano\capuach01,2009-11-28,Milwaukee Brewers,MIL,31,0.5,5,121,218,10,35,1,17,0,7,.161,.189,.202,.391,42,48,4.39,1.362,124,116,0,711.2,729,101,240,585
417,Jason Grilli\grillja01,2009-11-28,Cleveland Indians,TEX,33,1.7,8,81,14,1,3,1,3,0,0,.214,.214,.429,.643,18,18,4.74,1.478,238,16,2,356.2,366,35,161,262
418,Carlos Corporan\corpoca01,2009-11-27,Arizona Diamondbacks,MIL,26,0.0,1,1,1,1,1,0,0,0,0,1.000,1.000,1.000,2.000,,,,,,,,,,,,
419,Josh Rupe\rupejo01,2009-11-27,Kansas City Royals,TEX,27,-0.1,4,5,0,0,0,0,0,0,0,,,,,4,2,4.95,1.575,70,1,0,132.2,145,12,64,75
420,Alex Gonzalez\gonzaal02,2009-11-26,Toronto Blue Jays,BOS,33,1.2,11,1229,4393,508,1087,114,521,26,236,.247,.294,.395,.689,,,,,,,,,,,,
421,John Halama\halamjo01,2009-11-25,Milwaukee Brewers,ATL,38,,11,,,,,,,,,,,,,,,,,,,,,,,,
422,Mike Hinckley\hinckmi01,2009-11-25,Baltimore Orioles,TEX,27,0.9,2,28,1,0,0,0,0,0,0,.000,.000,.000,.000,0,0,1.93,1.286,28,0,0,23.1,16,1,14,12
423,Andruw Jones\jonesan01,2009-11-25,Chicago White Sox,TEX,33,1.7,14,1918,6898,1109,1776,388,1174,143,789,.257,.338,.488,.826,,,,,,,,,,,,
424,John McDonald\mcdonjo03,2009-11-25,Toronto Blue Jays,TOR,35,2.3,11,737,1713,200,408,13,134,29,75,.238,.276,.317,.593,,,,,,,,,,,,
425,Edwin Moreno\morened01,2009-11-25,Boston Red Sox,SDP,29,-0.1,1,17,0,0,0,0,0,0,0,,,,,1,3,4.84,1.925,19,0,0,22.1,28,3,15,15
426,Angel Sanchez\sanchan02,2009-11-25,Boston Red Sox,TOR,26,,1,8,27,2,6,0,1,0,0,.222,.214,.222,.437,,,,,,,,,,,,
427,Edwin Bellorin\belloed01,2009-11-24,Kansas City Royals,COL,28,-0.2,3,8,13,1,3,0,0,0,1,.231,.286,.231,.516,,,,,,,,,,,,
428,Juan Castro\castrju01,2009-11-24,Philadelphia Phillies,LAD,38,-2.0,15,1041,2484,244,572,36,220,5,140,.230,.270,.332,.601,,,,,,,,,,,,
429,Bob McCrory\mccrobo01,2009-11-24,Boston Red Sox,BAL,28,-1.4,2,1,0,0,0,0,0,0,0,,,,,0,0,16.46,3.293,15,0,0,13.2,27,3,18,9
430,Darnell McDonald\mcdonda02,2009-11-24,Boston Red Sox,CIN,31,-0.5,3,68,147,15,34,2,11,2,8,.231,.276,.333,.609,,,,,,,,,,,,
431,Vinny Rottino\rottivi01,2009-11-24,Florida Marlins,LAD,30,-0.1,3,18,24,1,5,0,4,1,1,.208,.240,.292,.532,,,,,,,,,,,,
432,Ramon Nivar\nivarra01,2009-11-23,Los Angeles Dodgers,LAD,30,,6,,,,,,,,,,,,,,,,,,,,,,,,
433,Gil Velazquez\velazgi01,2009-11-23,Boston Red Sox,BOS,30,-0.4,2,9,10,0,1,0,1,0,0,.100,.182,.100,.282,,,,,,,,,,,,
434,Omar Vizquel\vizquom01,2009-11-23,Chicago White Sox,TEX,43,1.1,21,2742,9922,1378,2704,78,906,389,978,.273,.338,.355,.693,,,,,,,,,,,,
435,Dallas McPherson\mcpheda01,2009-11-22,Oakland Athletics,SFG,29,0.1,4,128,371,53,91,18,45,5,27,.245,.298,.458,.756,,,,,,,,,,,,
436,Casey Daigle\daiglca01,2009-11-21,Houston Astros,HOU,29,,2,21,18,2,2,0,0,0,0,.111,.111,.222,.333,2,3,6.46,1.793,20,10,0,61.1,77,10,33,24
437,Hector Gimenez\gimenhe01,2009-11-21,Pittsburgh Pirates,PIT,27,,1,2,2,0,0,0,0,0,0,.000,.000,.000,.000,,,,,,,,,,,,
438,Andy Van Hekken\vanhean01,2009-11-21,Houston Astros,HOU,30,,7,,,,,,,,,,,,,,,,,,,,,,,,
439,Jason Anderson\anderja01,2009-11-20,Philadelphia Phillies,PHI,31,,6,,,,,,,,,,,,,,,,,,,,,,,,
440,Paul Phillips\phillpa01,2009-11-20,Colorado Rockies,COL,33,0.2,6,79,198,23,53,3,25,0,9,.268,.300,.374,.674,,,,,,,,,,,,
441,Davis Romero\romerda01,2009-11-20,Toronto Blue Jays,TOR,27,,3,,,,,,,,,,,,,,,,,,,,,,,,
442,Steven Shell\shellst01,2009-11-20,Seattle Mariners,SEA,27,1.4,2,43,4,0,0,0,0,0,0,.000,.000,.000,.000,2,2,2.45,1.109,43,0,2,55.0,39,6,22,46
443,Brad Thompson\thompbr01,2009-11-20,Kansas City Royals,STL,28,-0.5,5,178,56,3,10,0,2,1,2,.179,.207,.179,.385,21,17,4.36,1.387,185,32,1,385.2,418,45,117,180
444,Rich Thompson\thompri02,2009-11-20,Philadelphia Phillies,PHI,31,,1,6,1,1,0,0,0,1,0,.000,.000,.000,.000,,,,,,,,,,,,
445,Wilson Valdez\valdewi01,2009-11-20,Philadelphia Phillies,NYM,32,0.8,4,152,342,40,76,1,27,4,22,.222,.272,.292,.565,,,,,,,,,,,,
446,Ross Wolf\wolfro01,2009-11-20,Baltimore Orioles,BAL,27,-0.7,1,14,1,0,0,0,0,0,0,.000,.000,.000,.000,0,1,11.68,2.189,14,0,0,12.1,24,4,3,6
447,John Grabow\grabojo02,2009-11-19,Chicago Cubs,CHC,31,3.2,7,401,5,0,0,0,0,0,0,.000,.000,.000,.000,20,15,4.03,1.437,420,0,6,388.1,379,41,179,342
448,Mitch Jones\jonesmi03,2009-11-19,Atlanta Braves,LAD,32,0.2,1,8,13,1,4,0,0,0,0,.308,.400,.385,.785,,,,,,,,,,,,
449,Drew Meyer\meyerdr01,2009-11-19,Houston Astros,HOU,28,,3,,,,,,,,,,,,,,,,,,,,,,,,
450,Dewayne Wise\wisede01,2009-11-19,Philadelphia Phillies,CHW,32,1.1,7,324,610,82,132,17,61,25,26,.216,.255,.380,.636,,,,,,,,,,,,
451,Andy Tracy\tracyan01,2009-11-18,Philadelphia Phillies,PHI,36,0.2,5,149,277,35,64,13,43,1,30,.231,.306,.422,.728,,,,,,,,,,,,
452,Jamie Burke\burkeja02,2009-11-17,Washington Nationals,WSN,38,-0.1,7,190,390,53,108,3,39,0,25,.277,.328,.351,.679,,,,,,,,,,,,
453,Jorge Campillo\campijo01,2009-11-17,Kansas City Royals,ATL,31,1.5,5,43,45,4,8,0,2,0,1,.178,.196,.200,.396,9,7,4.23,1.306,52,26,0,180.2,188,20,48,121
454,R.J. Swindle\swindrj01,2009-11-16,Tampa Bay Rays,CLE,26,-0.6,2,7,2,0,0,0,1,0,0,.000,.000,.000,.000,0,0,12.71,2.382,9,0,0,11.1,21,5,6,12
455,Wilson Betemit\betemwi01,2009-11-13,Kansas City Royals,CHW,28,-0.5,7,516,1143,147,295,42,154,5,113,.258,.324,.432,.756,,,,,,,,,,,,
456,Wil Ledezma\ledezwi01,2009-11-13,Pittsburgh Pirates,TOR,29,-1.1,7,62,12,2,0,0,0,0,1,.000,.077,.000,.077,15,22,5.17,1.584,160,40,0,370.2,404,42,183,255
457,Michel Hernandez\hernami01,2009-11-10,Baltimore Orioles,TBR,31,-0.2,3,45,118,14,28,1,12,2,8,.237,.286,.305,.591,,,,,,,,,,,,
458,Corky Miller\milleco01,2009-11-09,Cincinnati Reds,CIN,34,-0.1,9,167,430,36,77,9,50,1,42,.179,.268,.284,.552,,,,,,,,,,,,
459,Scott Proctor\proctsc01,2009-11-04,Atlanta Braves,FLA,33,0.1,5,81,3,0,0,0,0,0,0,.000,.000,.000,.000,16,10,4.42,1.397,262,1,1,297.0,283,46,132,256
460,Luis Rodriguez\rodrilu01,2009-11-04,Cleveland Indians,SDP,30,-0.5,5,363,855,90,208,8,66,5,94,.243,.316,.323,.639,,,,,,,,,,,,
461,Guillermo Quiroz\quirogu01,2009-10-08,Seattle Mariners,SEA,28,-0.7,6,99,248,18,51,2,28,1,17,.206,.267,.270,.537,,,,,,,,,,,,